model,price,avg_rating,5G_or_not,processor_brand,num_cores,processor_speed,battery_capacity,fast_charging_available,fast_charging,ram_capacity,internal_memory,screen_size,refresh_rate,num_rear_cameras,os,primary_camera_rear,primary_camera_front,extended_memory_available,resolution_height,resolution_width,...
Apple iPhone XR2,71999,6.0,0,bionic,0,0.0,3060,1,0,4.0,64,6.1,60,2,ios,12,7,0,1792,828,
Apple iPhone SE 4,49990,6.0,1,bionic,6,3.22,0,0,0,4.0,64,6.1,60,1,ios,12,11,0,1580,750,
Apple iPhone SE 3 2022,43900,0.0,1,bionic,6,3.22,0,0,0,4.0,64,4.7,60,1,ios,12,7,0,1334,750,
Apple iPhone SE 2020,39900,6.3,0,bionic,6,2.65,1821,1,18,3.0,64,4.7,60,1,ios,12,7,0,1334,750,
Apple iPhone 9,29990,6.1,0,bionic,6,2.65,2050,1,0,3.0,64,4.7,60,1,ios,12,7,0,1334,750,
Apple iPhone 7s,52990,0.0,0,fusion,4,2.37,2230,0,0,3.0,32,4.7,60,1,ios,13,7,0,1334,750,
Apple iPhone 15 Ultra,149900,7.9,1,bionic,8,0.0,4700,1,0,8.0,128,6.73,120,3,ios,48,12,0,2796,1290,
Apple iPhone 15 Pro Max,142990,7.9,1,bionic,0,0.0,4352,1,25,8.0,256,6.68,120,3,ios,50,12,0,2778,1284,
Apple iPhone 15 Pro,130990,7.5,1,bionic,0,0.0,0,0,0,8.0,128,6.06,120,3,ios,50,12,0,2532,1170,
Apple iPhone 15 Plus,84990,7.5,1,bionic,6,0.0,4532,1,0,8.0,128,6.71,120,2,ios,12,12,0,2778,1284,
Apple iPhone 15,82990,7.2,0,bionic,0,0.0,3285,1,0,6.0,128,6.06,60,2,ios,50,13,0,2532,1170,
Apple iPhone 14 Pro Max (512GB),169900,7.8,1,bionic,6,0.0,4323,1,0,6.0,512,6.7,120,3,ios,48,12,0,2796,1290,
Apple iPhone 14 Pro Max (256GB),139990,7.7,1,bionic,6,0.0,4323,1,0,6.0,256,6.7,120,3,ios,48,12,0,2796,1290,
Apple iPhone 14 Pro Max (1TB),182999,7.8,1,bionic,6,0.0,4323,1,0,6.0,1024,6.7,120,3,ios,48,12,0,2796,1290,
Apple iPhone 14 Pro Max,129990,7.6,1,bionic,6,0.0,4323,1,0,6.0,128,6.7,120,3,ios,48,12,0,2796,1290,
Apple iPhone 14 Pro (256GB),129990,7.6,1,bionic,6,0.0,3200,1,0,6.0,256,6.1,120,3,ios,48,12,0,2556,1179,
Apple iPhone 14 Pro (1TB),172999,7.7,1,bionic,6,0.0,3200,1,0,6.0,1024,6.1,120,3,ios,48,12,0,2556,1179,
Apple iPhone 14 Pro,119990,7.5,1,bionic,6,0.0,3200,1,0,6.0,128,6.1,120,3,ios,48,12,0,2556,1179,
Apple iPhone 14 Plus (512GB),104999,8.3,1,bionic,6,3.22,4325,1,0,6.0,512,6.7,60,2,ios,12,12,0,2778,1284,
Apple iPhone 14 Plus (256GB),84999,8.3,1,bionic,6,3.22,4325,1,0,6.0,256,6.7,60,2,ios,12,12,0,2778,1284,
Apple iPhone 14 Plus,74999,8.2,1,bionic,6,3.22,4325,1,0,6.0,128,6.7,60,2,ios,12,12,0,2778,1284,
Apple iPhone 14 Mini,69990,7.0,0,bionic,0,0.0,3500,1,0,6.0,128,5.42,60,2,ios,12,12,0,2340,1080,
Apple iPhone 14 (512GB),95999,8.2,1,bionic,6,3.22,3279,1,0,6.0,512,6.1,60,2,ios,12,12,0,2532,1170,
Apple iPhone 14 (256GB),75999,8.2,1,bionic,6,3.22,3279,1,0,6.0,256,6.1,60,2,ios,12,12,0,2532,1170,
Apple iPhone 14,65999,8.1,1,bionic,6,3.22,3279,1,0,6.0,128,6.1,60,2,ios,12,12,0,2532,1170,
Apple iPhone 13 Pro Max (256GB),139900,8.4,1,bionic,6,3.22,4352,1,0,6.0,256,6.7,120,3,ios,12,12,0,2778,1284,
Apple iPhone 13 Pro Max (1TB),179900,8.6,1,bionic,6,3.22,4352,1,0,6.0,1024,6.7,120,3,ios,12,12,0,2778,1284,
Apple iPhone 13 Pro Max,129900,8.4,1,bionic,6,3.22,4352,1,0,6.0,128,6.7,120,3,ios,12,12,0,2778,1284,
Apple iPhone 13 Pro (256GB),129900,8.3,1,bionic,6,3.22,3095,1,0,6.0,256,6.1,120,3,ios,12,12,0,2532,1170,
Apple iPhone 13 Pro (1TB),147900,8.4,1,bionic,6,3.22,3095,1,0,6.0,1024,6.1,120,3,ios,12,12,0,2532,1170,
Apple iPhone 13 Pro,119900,8.3,1,bionic,6,3.22,3095,1,0,6.0,128,6.1,120,3,ios,12,12,0,2532,1170,
Apple iPhone 13 Mini,64900,7.9,1,bionic,6,3.22,2438,1,0,4.0,128,5.4,60,2,ios,12,12,0,2340,1080,
Apple iPhone 13 (512GB),91999,8.0,1,bionic,6,3.22,3240,1,0,4.0,512,6.1,60,2,ios,12,12,0,2532,1170,
Apple iPhone 13 (256GB),72999,7.9,1,bionic,6,3.22,3240,1,0,4.0,256,6.1,60,2,ios,12,12,0,2532,1170,
Apple iPhone 13,62999,7.9,1,bionic,6,3.22,3240,1,0,4.0,128,6.1,60,2,ios,12,12,0,2532,1170,
Apple iPhone 12 Pro (512GB),139900,8.0,1,bionic,6,3.1,0,0,0,6.0,512,6.1,60,3,ios,12,12,0,2532,1170,
Apple iPhone 12 Pro (256GB),119900,8.0,1,bionic,6,3.1,0,0,0,6.0,256,6.1,60,3,ios,12,12,0,2532,1170,
Apple iPhone 12 Mini (256GB),55999,7.5,1,bionic,6,3.1,0,0,0,4.0,256,5.4,60,2,ios,12,12,0,2340,1080,
Apple iPhone 12 Mini (128GB),45999,7.5,1,bionic,6,3.1,0,0,0,4.0,128,5.4,60,2,ios,12,12,0,2340,1080,
Apple iPhone 12 Mini,40999,7.4,1,bionic,6,3.1,0,0,0,4.0,64,5.4,60,2,ios,12,12,0,2340,1080,
Apple iPhone 12 (256GB),67999,7.6,1,bionic,6,3.1,0,0,0,4.0,256,6.1,60,2,ios,12,12,0,2532,1170,
Apple iPhone 12 (128GB),55999,7.5,1,bionic,6,3.1,0,0,0,4.0,128,6.1,60,2,ios,12,12,0,2532,1170,
Apple iPhone 12,51999,7.4,1,bionic,6,3.1,0,0,0,4.0,64,6.1,60,2,ios,12,12,0,2532,1170,
Apple iPhone 11 Pro Max,109900,7.7,0,bionic,6,2.65,3500,1,18,4.0,64,6.5,60,3,ios,12,12,0,2688,1242,
Apple iPhone 11 (128GB),46999,7.5,0,bionic,6,2.65,3110,0,0,4.0,128,6.1,60,2,ios,12,12,0,1792,828,
Apple iPhone 11,38999,7.3,0,bionic,6,2.65,3110,0,0,4.0,64,6.1,60,2,ios,12,12,0,1792,828,
Samsung Galaxy Z Fold 4 (12GB RAM + 1TB),163980,0.0,1,snapdragon,8,3.2,4400,1,25,12.0,1024,7.6,120,3,android,50,10,0,2176,1812,
Samsung Galaxy Z Fold 4,154998,0.0,1,snapdragon,8,3.2,4400,1,25,12.0,256,7.6,120,3,android,50,10,0,2176,1812,
Samsung Galaxy Z Fold 3,110999,8.9,1,snapdragon,8,2.84,4400,1,25,12.0,256,7.6,120,3,android,12,10,0,2208,1768,
Samsung Galaxy Z Flip 4 5G,89999,8.8,1,snapdragon,8,3.2,3700,1,25,8.0,128,6.7,120,2,,12,10,0,2640,1080,
Samsung Galaxy Z Flip 3,69999,8.4,1,snapdragon,8,2.84,3300,1,15,8.0,128,6.7,120,2,,12,10,0,2640,1080,
Samsung Galaxy S9 Plus (128GB),34999,7.8,0,exynos,8,2.8,3500,1,0,6.0,128,6.2,60,2,android,12,8,1,2960,1440,
Samsung Galaxy S24 Ultra,119990,8.5,1,snapdragon,8,0.0,5100,1,45,12.0,256,6.83,144,4,android,200,60,0,2860,1200,
Samsung Galaxy S23 Ultra 5G,114990,0.0,1,snapdragon,8,3.2,5000,1,45,8.0,256,6.8,120,4,android,200,12,0,3088,1440,
Samsung Galaxy S23 Plus,84990,8.9,1,snapdragon,8,3.2,4700,1,45,8.0,256,6.6,120,3,android,50,12,0,2340,1080,
Samsung Galaxy S23 FE 5G,54999,7.7,1,,8,0.0,4500,1,0,8.0,128,6.5,60,4,android,64,32,0,2400,1080,
Samsung Galaxy S23,70990,8.8,1,snapdragon,8,3.2,3900,1,25,8.0,128,6.1,120,3,android,50,12,0,2340,1080,
Samsung Galaxy S22 Ultra 5G (8GB RAM + 128GB),99990,0.0,1,snapdragon,8,3.0,5000,1,45,8.0,128,6.8,120,4,android,108,40,0,3080,1440,
Samsung Galaxy S22 Ultra 5G (12GB RAM + 512GB),118999,0.0,1,snapdragon,8,3.0,5000,1,45,12.0,512,6.8,120,4,android,108,40,0,3080,1440,
Samsung Galaxy S22 Ultra 5G,91999,0.0,1,snapdragon,8,3.0,5000,1,45,12.0,256,6.8,120,4,android,108,40,0,3080,1440,
Samsung Galaxy S22 Plus 5G (8GB RAM + 256GB),88999,8.8,1,snapdragon,8,3.0,4500,1,45,8.0,256,6.6,120,3,android,50,10,0,2340,1080,
Samsung Galaxy S22 Plus 5G,64449,8.7,1,snapdragon,8,3.0,4500,1,45,8.0,128,6.6,120,3,android,50,10,0,2340,1080,
Samsung Galaxy S22 FE 5G,51999,7.9,1,exynos,8,0.0,4200,1,33,8.0,128,6.4,120,3,android,12,32,0,2400,1080,
Samsung Galaxy S22 5G (8GB RAM + 256GB),57999,8.7,1,snapdragon,8,3.0,3700,1,25,8.0,256,6.1,120,3,android,50,10,0,2340,1080,
Samsung Galaxy S22 5G,49999,8.6,1,snapdragon,8,3.0,3700,1,25,8.0,128,6.1,120,3,android,50,10,0,2340,1080,
Samsung Galaxy S21 Ultra 5G (12GB RAM + 128GB),101999,0.0,1,exynos,8,2.9,5000,1,25,12.0,128,6.8,120,4,android,108,40,0,3200,1440,
Samsung Galaxy S21 Ultra,105999,0.0,1,exynos,8,2.9,5000,1,25,12.0,256,6.8,120,4,android,108,40,0,3200,1440,
Samsung Galaxy S21 Plus,59450,8.8,1,exynos,8,2.9,4800,1,25,8.0,128,6.7,120,3,android,64,10,0,2400,1080,
Samsung Galaxy S21 FE 5G (8GB RAM + 256GB),43999,8.8,1,exynos,8,2.9,4500,1,25,8.0,256,6.4,120,3,android,12,32,0,2340,1080,
Samsung Galaxy S21 FE 5G,39999,8.7,1,exynos,8,2.9,4500,1,25,8.0,128,6.4,120,3,android,12,32,0,2340,1080,
Samsung Galaxy S21,48900,8.8,1,exynos,8,2.9,4000,1,25,8.0,128,6.2,120,3,android,64,10,0,2400,1080,
Samsung Galaxy S20 Ultra 5G,99999,0.0,1,exynos,8,2.73,5000,1,45,12.0,128,6.9,60,4,android,108,40,1,3200,1440,
Samsung Galaxy S20 Plus 5G,85990,0.0,1,exynos,8,2.73,4500,1,25,8.0,128,6.7,60,4,android,64,10,1,3200,1440,
Samsung Galaxy S20 Plus,83000,8.8,0,exynos,8,2.73,4500,1,25,8.0,128,6.7,120,4,android,64,10,1,3200,1440,
Samsung Galaxy S20 FE 5G,31239,8.8,1,snapdragon,8,2.84,4500,1,0,8.0,128,6.5,120,3,android,12,32,1,2400,1080,
Samsung Galaxy S20 FE,35489,8.6,0,exynos,8,2.73,4500,1,25,8.0,128,6.5,120,3,android,12,32,1,2400,1080,
Samsung Galaxy S20 5G,74999,8.9,1,exynos,8,2.73,4000,1,25,8.0,128,6.2,60,3,android,64,10,1,3200,1440,
Samsung Galaxy S20,41999,8.8,0,exynos,8,2.73,4000,1,25,8.0,128,6.2,120,3,android,64,10,1,3200,1440,
Samsung Galaxy S10 Plus,42999,8.1,0,exynos,8,2.7,4100,1,15,8.0,128,6.4,60,3,android,16,10,1,3040,1440,
Samsung Galaxy S10 5G,78990,8.6,1,exynos,8,2.7,4500,1,25,8.0,256,6.7,60,3,android,16,10,1,3040,1440,
Samsung Galaxy Note 30 Ultra 5G,104999,0.0,1,snapdragon,8,3.2,4500,1,67,12.0,256,6.71,120,3,android,200,10,1,3214,1440,
Samsung Galaxy Note 20,86000,8.7,0,exynos,8,2.73,4300,1,25,8.0,256,6.7,60,3,android,64,10,0,2400,1080,
Samsung Galaxy Note 10 Plus 5G,92999,8.9,1,exynos,8,2.7,4300,1,0,12.0,256,6.8,60,4,android,12,10,1,3040,1440,
Samsung Galaxy Note 10 Plus,58999,8.9,0,exynos,8,2.73,4300,1,45,12.0,256,6.8,60,4,android,12,10,1,3040,1440,
Samsung Galaxy Note 10 Lite,39999,8.3,0,exynos,8,2.7,4500,1,25,6.0,128,6.7,60,3,android,12,32,1,2400,1080,
Samsung Galaxy M62,23999,8.3,0,exynos,8,2.73,7000,1,0,6.0,128,6.71,60,4,android,64,32,1,2400,1080,
Samsung Galaxy M54 5G,34999,8.5,1,snapdragon,8,2.84,6000,1,25,6.0,128,6.67,90,3,android,64,32,1,2412,1080,
Samsung Galaxy M53 5G (8GB RAM + 128GB),25289,8.7,1,dimensity,8,2.4,5000,1,25,8.0,128,6.7,120,4,android,108,32,1,2400,1080,
Samsung Galaxy M53 5G,23790,8.5,1,dimensity,8,2.4,5000,1,25,6.0,128,6.7,120,4,android,108,32,1,2400,1080,
Samsung Galaxy M52s 5G,24990,7.4,1,,8,0.0,5000,1,0,8.0,128,6.5,60,3,android,64,32,1,2400,1080,
Samsung Galaxy M51s 5G,24990,7.2,1,,8,0.0,6000,1,0,6.0,128,6.7,60,3,android,64,32,1,2400,1080,
Samsung Galaxy M35,22999,7.4,0,,8,0.0,6000,1,0,8.0,128,6.5,60,3,android,64,32,1,2400,1080,
Samsung Galaxy M34 5G,16999,8.4,1,exynos,8,2.4,6000,1,25,6.0,128,6.5,120,4,android,64,32,1,2400,1080,
Samsung Galaxy M33 5G (8GB RAM + 128GB),19499,8.4,1,exynos,8,2.4,6000,1,25,8.0,128,6.6,120,4,android,50,8,1,2400,1080,
Samsung Galaxy M33 5G,17478,8.1,1,exynos,8,2.4,6000,1,25,6.0,128,6.6,120,4,android,50,8,1,2400,1080,
Samsung Galaxy M32 Prime Edition (6GB RAM + 128GB),14859,7.9,0,helio,8,2.0,6000,1,15,6.0,128,6.4,90,4,android,64,20,1,2400,1080,
Samsung Galaxy M32 Prime Edition,12120,7.5,0,helio,8,2.0,6000,1,15,4.0,64,6.4,90,4,android,64,20,1,2400,1080,
Samsung Galaxy M32 (6GB RAM + 128GB),14490,8.0,0,helio,8,2.0,6000,1,15,6.0,128,6.4,90,4,android,64,20,1,2400,1080,
Samsung Galaxy M32,12364,7.6,0,helio,8,2.0,6000,1,15,4.0,64,6.4,90,4,android,64,20,1,2400,1080,
Samsung Galaxy M21 2021,11725,7.6,0,exynos,8,2.3,6000,1,15,4.0,64,6.4,60,3,android,48,20,1,2340,1080,
Samsung Galaxy M14,14999,6.0,0,exynos,8,0.0,6000,0,0,4.0,64,6.5,60,3,android,48,8,1,1600,720,
Samsung Galaxy M13 5G (4GB RAM + 64GB),12944,7.1,1,dimensity,8,2.2,5000,1,15,4.0,64,6.5,90,2,android,50,5,1,1600,720,
Samsung Galaxy M13 5G,13999,7.5,1,dimensity,8,2.2,5000,1,15,6.0,128,6.5,90,2,android,50,5,1,1600,720,
Samsung Galaxy M13 (4GB RAM + 64GB),10630,7.1,0,exynos,8,2.0,6000,1,15,4.0,64,6.6,60,3,android,50,8,1,2400,1080,
Samsung Galaxy M13,12999,7.5,0,exynos,8,2.0,6000,1,15,6.0,128,6.6,60,3,android,50,8,1,2400,1080,
Samsung Galaxy M12,10999,7.2,0,exynos,8,2.0,6000,1,15,4.0,64,6.5,90,4,android,48,8,1,1600,720,
Samsung Galaxy M04 (4GB RAM + 128GB),9499,6.8,0,helio,8,2.3,5000,1,15,4.0,128,6.5,60,2,android,13,5,1,1600,720,
Samsung Galaxy M04,8499,6.6,0,helio,8,2.3,5000,1,15,4.0,64,6.5,60,2,android,13,5,1,1600,720,
Samsung Galaxy F63,21999,8.4,1,dimensity,8,2.0,7000,1,33,6.0,128,6.7,60,4,android,64,32,1,2400,1080,
Samsung Galaxy F42 5G (8GB RAM + 128GB),22999,8.2,1,dimensity,8,2.2,5000,1,15,8.0,128,6.6,90,3,android,64,8,1,2408,1080,
Samsung Galaxy F42 5G,15490,8.0,1,dimensity,8,2.2,5000,1,15,6.0,128,6.6,90,3,android,64,8,1,2408,1080,
Samsung Galaxy F41 (6GB RAM + 128GB),19999,8.2,0,exynos,8,2.3,6000,1,15,6.0,128,6.4,60,3,android,64,32,1,2340,1080,
Samsung Galaxy F24 5G,14999,7.8,1,snapdragon,8,2.2,5000,1,25,4.0,128,6.6,120,3,android,50,8,1,2408,1080,
Samsung Galaxy F23 5G (6GB RAM + 128GB),16999,8.0,1,snapdragon,8,2.2,5000,1,25,6.0,128,6.6,120,3,android,50,8,1,2408,1080,
Samsung Galaxy F23 5G,15999,7.8,1,snapdragon,8,2.2,5000,1,25,4.0,128,6.6,120,3,android,50,8,1,2408,1080,
Samsung Galaxy F22 (6GB RAM + 128GB),13499,7.6,0,helio,8,2.0,6000,0,0,6.0,128,6.4,90,4,android,48,13,1,1600,720,
Samsung Galaxy F22,11499,7.3,0,helio,8,2.0,6000,0,0,4.0,64,6.4,90,4,android,48,13,1,1600,720,
Samsung Galaxy F14,14990,6.7,0,,8,0.0,5000,1,25,4.0,64,6.62,60,3,android,50,16,1,1080,2408,
Samsung Galaxy F13 (4GB RAM + 128GB),11999,7.5,0,exynos,8,2.0,6000,1,15,4.0,128,6.6,60,3,android,50,8,1,1080,2408,
Samsung Galaxy F13,10999,7.4,0,exynos,8,2.0,6000,1,15,4.0,64,6.6,60,3,android,50,8,1,1080,2408,
Samsung Galaxy F12,10499,7.3,0,exynos,8,2.0,6000,1,15,4.0,64,6.5,90,4,android,48,8,1,1600,720,
Samsung Galaxy F04,8499,6.8,0,helio,8,2.3,5000,1,15,4.0,64,6.5,60,2,android,13,5,1,1600,720,
Samsung Galaxy A92 5G,47990,8.0,1,dimensity,8,3.0,5000,1,0,8.0,128,6.7,60,3,android,48,16,0,2400,1080,
Samsung Galaxy A9 Pro (2019),39990,7.8,0,snapdragon,8,2.2,3400,1,0,6.0,128,6.4,60,3,android,24,24,1,2340,1080,
Samsung Galaxy A83 5G,39990,8.6,1,snapdragon,8,3.2,4500,1,25,6.0,128,6.71,120,3,android,64,10,1,3200,1440,
Samsung Galaxy A82 5G,39990,8.6,1,snapdragon,8,2.96,4500,1,25,6.0,128,6.71,120,3,android,64,10,1,3200,1440,
Samsung Galaxy A75 5G,44999,8.3,1,snapdragon,8,0.0,5000,1,67,8.0,128,6.7,120,4,android,108,32,1,2412,1080,
Samsung Galaxy A74 5G,42999,0.0,1,snapdragon,8,2.36,5000,1,33,8.0,128,6.7,120,4,android,108,32,1,2412,1080,
Samsung Galaxy A73 5G (8GB RAM + 256GB),41990,0.0,1,snapdragon,8,2.4,5000,1,25,8.0,256,6.7,120,4,android,108,32,1,2400,1080,
Samsung Galaxy A73 5G,41999,0.0,1,snapdragon,8,2.4,5000,1,25,8.0,128,6.7,120,4,android,108,32,1,2400,1080,
Samsung Galaxy A71,22494,8.6,0,snapdragon,8,2.2,4500,1,25,8.0,128,6.7,60,4,android,64,32,1,2400,1080,
Samsung Galaxy A7 (2018),21490,7.0,0,exynos,8,2.2,3300,0,0,4.0,64,6.0,60,3,android,24,24,1,1080,2220,
Samsung Galaxy A54 5G,34999,7.6,1,exynos,8,0.0,5000,1,25,6.0,128,6.4,120,3,android,50,32,1,2400,1080,
Samsung Galaxy A53 5G (8GB RAM + 128GB),33499,8.9,1,exynos,8,2.4,5000,1,25,8.0,128,6.5,120,4,android,64,32,1,2400,1080,
Samsung Galaxy A53 5G,31999,8.7,1,exynos,8,2.4,5000,1,25,6.0,128,6.5,120,4,android,64,32,1,2400,1080,
Samsung Galaxy A53 (8GB RAM + 256GB),36499,8.9,1,exynos,8,2.4,5000,1,25,8.0,256,6.5,120,4,android,64,32,1,2400,1080,
Samsung Galaxy A52 (8GB RAM + 128GB),22494,8.6,0,snapdragon,8,2.3,4500,1,25,8.0,128,6.5,90,4,android,64,32,1,2400,1080,
Samsung Galaxy A52,24990,8.3,0,snapdragon,8,2.3,4500,1,25,6.0,128,6.5,90,4,android,64,32,1,2400,1080,
Samsung Galaxy A50s,15990,8.0,0,exynos,8,2.3,4000,1,15,4.0,128,6.4,60,3,android,48,32,1,2340,1080,
Samsung Galaxy A40,17990,6.9,0,exynos,8,2.2,3100,1,15,4.0,64,5.9,60,2,android,16,25,1,2340,1080,
Samsung Galaxy A34 5G,24999,7.5,1,exynos,8,0.0,5000,1,33,6.0,128,6.5,90,4,android,48,13,1,2400,1080,
Samsung Galaxy A33 5G (8GB RAM + 128GB),27499,8.5,1,exynos,8,2.4,5000,1,25,8.0,128,6.4,90,4,android,48,13,1,2400,1080,
Samsung Galaxy A33 5G,25999,8.2,1,exynos,8,2.4,5000,1,25,6.0,128,6.4,90,4,android,48,13,1,2400,1080,
Samsung Galaxy A32 5G,24499,7.9,1,dimensity,8,2.0,5000,1,15,6.0,128,6.5,90,4,android,48,13,1,1600,720,
Oppo Reno 8T 4G,19999,8.3,0,helio,8,2.2,5000,1,66,,256,6.67,120,3,android,50,16,1,2400,1080,8.0
Oppo Reno 8T,29990,8.7,1,snapdragon,8,2.2,5000,1,66,,256,6.67,120,3,android,108,16,1,2400,1080,8.0
Oppo Reno 8 Pro (8GB RAM + 256GB),42990,8.5,1,dimensity,8,2.85,4500,1,80,,256,6.7,120,3,android,50,32,0,2412,1080,8.0
Oppo Reno 5A,22990,8.0,1,snapdragon,8,2.4,4000,1,18,,128,6.5,90,4,android,64,16,1,2400,1080,6.0
Oppo Reno 5 Pro 5G,38700,8.4,1,dimensity,8,2.6,4350,1,65,,128,6.53,90,4,android,64,32,0,2400,1080,8.0
Oppo Reno 5,29990,8.3,1,snapdragon,8,2.4,4300,1,65,,128,6.43,60,4,android,64,32,0,2400,1080,8.0
Oppo Reno 10 Pro Plus,58990,8.8,1,snapdragon,8,3.2,4700,1,80,,256,6.73,120,4,android,64,32,0,2412,1080,12.0
Oppo K5 (8GB RAM + 128GB),19990,8.2,0,snapdragon,8,2.2,4000,1,30,,128,6.4,60,4,android,64,32,1,2340,1080,8.0
Oppo K10x 5G,16990,7.8,1,snapdragon,8,2.2,5000,1,67,,128,6.59,120,3,android,64,16,0,2412,1080,6.0
Oppo K10 Pro 5G,29990,8.1,1,snapdragon,8,2.84,5000,1,80,,128,6.62,120,3,android,50,16,0,2400,1080,8.0
Oppo Find X6 Pro,77990,0.0,1,snapdragon,8,3.2,4700,1,120,,256,6.78,120,3,android,50,32,0,2400,1080,12.0
Oppo Find X6,69990,8.9,1,snapdragon,8,3.2,4700,1,120,,256,6.73,120,3,android,50,32,0,2400,1080,8.0
Oppo Find X5 Pro 5G,79990,0.0,1,snapdragon,8,3.0,5000,1,80,,256,6.7,120,3,android,50,32,0,3216,1440,8.0
Oppo Find X3 Pro,50990,0.0,1,snapdragon,8,2.84,4500,1,65,,256,6.7,120,4,android,50,32,0,3216,1440,12.0
Oppo Find N2 5G,94990,0.0,1,snapdragon,8,3.2,4520,1,67,,256,7.1,120,3,,50,32,0,1920,1792,12.0
Oppo Find N Fold,99990,0.0,1,snapdragon,8,3.2,5000,1,67,,256,7.1,120,2,other,50,0,0,1920,1792,8.0
Oppo Find N 5G,92249,0.0,1,snapdragon,8,2.84,4500,1,33,,256,7.1,120,3,android,50,32,0,1920,1792,8.0
Oppo A98,30990,8.7,1,snapdragon,8,3.0,5000,1,67,,128,6.7,120,2,android,108,16,1,2412,1080,8.0
Oppo A96 5G,22990,8.2,1,snapdragon,8,2.2,4500,1,33,,256,6.43,60,2,android,48,16,1,2400,1080,8.0
Oppo A78,18999,7.9,1,dimensity,8,2.2,5000,1,33,,128,6.56,90,2,android,50,8,1,1612,720,8.0
Oppo A77 5G,21990,7.6,1,snapdragon,8,2.4,5000,1,33,,128,6.56,90,2,android,48,8,1,1600,720,6.0
Oppo A56s,12999,7.5,1,dimensity,8,2.4,5000,0,0,,128,6.56,60,2,android,13,8,1,1612,720,8.0
Oppo A56 5G,17990,7.3,1,dimensity,8,2.2,5000,0,0,,128,6.5,60,2,android,13,8,1,1600,720,6.0
Oppo A31 2020 (6GB RAM + 128GB),12490,7.2,0,helio,8,2.3,4230,0,0,,128,6.5,60,3,android,12,8,1,1600,720,6.0
Oppo A15s (4GB RAM + 128GB),11490,7.2,0,helio,8,2.3,4230,0,0,,128,6.52,60,3,android,13,8,1,1600,720,4.0
Oppo A12,9990,6.4,0,helio,8,1.8,4230,0,0,,32,6.22,60,2,android,13,5,1,720,1520,3.0
OPPO X 2021,134999,8.6,0,snapdragon,8,2.84,4000,1,45,,256,7.4,60,3,android,64,16,0,3200,1440,8.0
OPPO Reno8 5G,29340,8.3,1,dimensity,8,3.0,4500,1,80,,128,6.43,90,3,android,50,32,0,2400,1080,8.0
OPPO Reno7 Z 5G,17999,8.4,1,snapdragon,8,2.2,4500,1,33,,128,6.43,60,3,android,64,16,1,2400,1080,8.0
OPPO Reno7 Pro 5G,31994,8.7,1,dimensity,8,3.0,4500,1,65,,256,6.55,90,3,android,50,32,1,2400,1080,12.0
OPPO Reno7 5G,25994,8.5,1,dimensity,8,2.0,4500,1,65,,256,6.43,90,3,android,64,32,1,2400,1080,8.0
OPPO Reno 9 Z,22990,8.4,1,snapdragon,8,2.2,4800,1,33,,128,6.58,120,3,android,50,32,1,2400,1080,8.0
OPPO Reno 9 Pro Plus,45999,8.6,1,snapdragon,8,3.2,4700,1,80,,256,6.7,120,3,android,50,32,0,2412,1080,16.0
OPPO Reno 9 Pro 5G,39999,8.6,1,dimensity,8,2.85,4500,1,67,,256,6.7,120,2,android,50,32,0,2412,1080,16.0
OPPO Reno 9 5G,28499,8.3,1,snapdragon,8,2.4,4500,1,67,,256,6.7,120,2,android,64,32,0,2412,1080,8.0
OPPO Reno 8 Z,26990,8.6,1,snapdragon,8,2.2,4500,1,33,,256,6.43,60,3,android,64,16,1,2400,1080,8.0
OPPO Reno 8 Pro House of Dragon Edition,45999,8.6,1,dimensity,8,2.85,4500,1,80,,256,6.7,120,3,android,50,32,0,2412,1080,12.0
OPPO Reno 8 Pro 5G,45999,8.6,1,dimensity,8,2.85,4500,1,80,,256,6.7,120,3,android,50,32,0,2412,1080,12.0
OPPO Reno 8 House of Dragon Edition,32990,8.4,1,dimensity,8,3.0,4500,1,80,,128,6.43,90,3,android,50,32,0,2400,1080,8.0
OPPO Reno 6 Pro Plus 5G,44990,8.7,1,snapdragon,8,3.2,4500,1,65,,128,6.55,90,4,android,50,32,0,2400,1080,8.0
OPPO Reno 6 Pro 5G,36760,8.7,1,dimensity,8,3.0,4500,1,65,,256,6.55,90,4,android,64,32,0,2400,1080,12.0
OPPO Reno 6,26380,8.3,1,dimensity,8,2.0,4300,1,65,,128,6.43,90,3,android,64,32,0,2400,1080,8.0
Vivo Y95,15000,6.5,0,snapdragon,8,1.95,4030,0,0,4.0,64,6.22,60,2,android,13,20,1,720,1520,
Vivo Y93,18000,6.2,0,helio,8,2.0,4030,0,0,4.0,32,6.2,60,2,android,13,8,1,720,1520,
Vivo Y91c,8199,0.0,0,helio,8,2.0,4030,0,0,2.0,32,6.22,60,1,android,13,5,1,1520,720,
Vivo Y78 5G,24990,7.7,1,dimensity,8,3.0,4500,1,0,8.0,128,6.58,90,3,android,50,16,0,2400,1080,
Vivo Y77 5G,17990,7.6,1,dimensity,8,2.2,4500,1,80,6.0,128,6.64,120,2,android,50,8,1,2388,1080,
Vivo Y75 5G,21990,8.2,1,dimensity,8,2.2,5000,1,18,8.0,128,6.58,60,3,android,50,16,1,2408,1080,
Vivo Y75 4G,19990,8.2,0,helio,8,2.05,4050,1,44,8.0,128,6.44,60,3,android,50,44,1,2400,1080,
Vivo Y73T,16990,7.7,1,dimensity,8,2.0,6000,1,44,8.0,128,6.58,60,2,android,50,8,0,2408,1080,
Vivo Y73 2021,19990,8.0,0,helio,8,2.05,4000,1,33,8.0,128,6.44,60,3,android,64,16,1,2400,1080,
Vivo Y71,25000,0.0,0,snapdragon,4,1.4,3360,0,0,3.0,16,6.0,60,1,android,13,5,1,1440,720,
Vivo Y55s 5G,19990,7.9,1,dimensity,8,2.2,6000,1,18,8.0,128,6.58,60,2,android,50,8,0,2408,1080,
Vivo Y55s 2023,21999,7.8,1,dimensity,8,2.2,5000,1,18,4.0,128,6.58,60,3,android,50,8,1,2408,1080,
Vivo Y55S,13490,0.0,0,snapdragon,4,1.2,2730,0,0,3.0,16,5.2,60,1,android,13,5,1,1280,720,
Vivo Y55 5G,20990,7.7,1,dimensity,8,2.2,5000,1,18,4.0,128,6.58,60,3,android,50,8,1,2408,1080,
Vivo Y55 4G,22990,8.3,0,snapdragon,8,2.4,5000,1,44,8.0,128,6.44,120,3,android,50,16,1,2400,1080,
Vivo Y53t,11999,6.7,1,dimensity,8,2.0,6000,1,15,4.0,128,6.51,60,2,android,13,5,0,1600,720,
Vivo Y53s,15490,7.9,0,helio,8,2.0,5000,1,19,8.0,128,6.58,60,3,android,64,16,1,2408,1080,
Vivo Y35 5G,13999,7.0,1,dimensity,8,2.2,5000,1,15,4.0,128,6.51,60,2,android,13,5,1,1600,720,
Vivo Y35,18499,8.0,0,snapdragon,8,2.4,5000,1,44,8.0,128,6.58,90,3,android,50,16,1,2408,1080,
Vivo Y33s,16685,8.0,0,helio,8,2.0,5000,1,18,8.0,128,6.58,60,3,android,50,16,1,2408,1080,
Vivo Y33T,15990,8.1,0,snapdragon,8,2.4,5000,1,18,8.0,128,6.58,90,3,android,50,16,1,2408,1080,
Vivo Y3 (4GB RAM + 128GB),12990,7.1,0,helio,8,2.3,5000,1,0,4.0,128,6.35,60,3,android,13,16,1,1544,720,
Vivo Y25,7499,0.0,0,helio,4,1.3,1900,0,0,1.0,16,4.5,60,1,android,5,2,1,854,480,
Vivo Y22s,14990,7.7,0,snapdragon,8,2.4,5000,1,18,8.0,128,6.55,90,2,android,50,8,1,720,1612,
Vivo Y22 (6GB RAM + 128GB),16499,7.5,0,helio,8,2.0,5000,1,18,6.0,128,6.55,60,2,android,50,8,1,1612,720,
Vivo Y22,14499,7.2,0,helio,8,2.0,5000,1,18,4.0,64,6.55,60,2,android,50,8,1,1612,720,
Vivo Y21s,14990,7.4,0,helio,8,2.0,5000,1,18,4.0,128,6.51,60,3,android,50,8,1,1600,720,
Vivo Y21e,12499,6.9,0,snapdragon,8,2.4,5000,1,18,3.0,64,6.51,60,2,android,13,8,1,1600,720,
Vivo Y21T,15499,7.4,0,snapdragon,8,2.4,5000,1,18,4.0,128,6.51,90,3,android,50,8,1,720,1600,
Vivo Y21 2021,13489,6.9,0,helio,8,2.3,5000,1,18,4.0,64,6.51,60,2,android,13,8,1,1600,720,
Vivo Y21 (2020),9990,6.5,0,snapdragon,8,1.8,5000,0,0,4.0,64,6.5,60,2,android,13,13,1,1544,720,
Vivo Y20G,13990,6.9,0,helio,8,2.0,5000,1,18,4.0,64,6.51,60,3,android,13,8,1,1600,720,
Vivo Y19,20000,7.3,0,helio,8,2.0,5000,1,18,4.0,128,6.53,60,3,android,16,16,1,2340,1080,
Vivo Y16 (4GB RAM + 64GB),12489,6.8,0,helio,8,2.3,5000,1,10,4.0,64,6.51,60,2,android,13,5,1,1600,720,
Vivo Y16 (3GB RAM + 64GB),10499,6.6,0,helio,8,2.3,5000,1,10,3.0,64,6.51,60,2,android,13,5,1,1600,720,
Vivo Y16,9999,6.5,0,helio,8,2.3,5000,1,10,3.0,32,6.51,60,2,android,13,5,1,1600,720,
Vivo Y15s,8499,6.6,0,helio,8,2.3,5000,0,0,3.0,32,6.51,60,2,android,13,8,1,1600,720,
Vivo Y15C (3GB RAM + 64GB),10490,6.7,0,helio,8,2.3,5000,0,0,3.0,64,6.51,60,2,android,13,8,1,1600,720,
Vivo Y15C,8499,6.6,0,helio,8,2.3,5000,0,0,3.0,32,6.51,60,2,android,13,8,1,1600,720,
Vivo Y15,12500,7.1,0,helio,8,2.0,5000,0,0,4.0,64,6.35,60,3,android,13,16,1,1544,720,
Vivo Y12a,9999,6.5,0,snapdragon,8,2.0,5000,0,0,3.0,32,6.51,60,2,android,13,8,1,1600,720,
Vivo Y12G (3GB RAM + 64GB),11990,6.8,0,snapdragon,8,2.0,5000,0,0,3.0,64,6.51,60,3,android,13,8,1,1600,720,
Vivo Y12 (3GB RAM + 64GB),11000,6.8,0,helio,8,2.0,5000,0,0,3.0,64,6.35,60,3,android,13,8,1,1544,720,
Vivo Y11 (2019),9490,6.4,0,snapdragon,8,2.0,5000,0,0,3.0,32,6.35,60,2,android,13,8,1,1544,720,
Vivo Y100,29990,8.2,1,dimensity,8,2.4,5000,1,66,8.0,128,6.0,120,3,android,50,50,0,2400,1080,
Vivo Y10,12490,6.3,0,helio,8,2.3,5000,0,0,4.0,128,6.51,60,2,android,13,8,0,1600,720,
Vivo Y02s,8990,6.1,0,helio,8,2.3,5000,1,10,3.0,32,6.51,60,1,android,8,5,1,1600,720,
Vivo Y02 (2GB RAM + 32GB),7999,0.0,0,helio,8,0.0,5000,1,10,2.0,32,6.51,60,1,android,8,5,1,1600,720,
Vivo Y02,8999,0.0,0,helio,8,0.0,5000,1,10,3.0,32,6.51,60,1,android,8,5,1,1600,720,
Vivo Y01A,7790,6.0,0,helio,8,2.3,5000,1,10,2.0,32,6.51,60,1,android,8,5,1,1600,720,
Vivo Y01,7999,6.1,0,helio,8,2.3,5000,0,0,2.0,32,6.51,60,1,android,8,5,1,1600,720,
Vivo X90 Pro Plus 5G,73999,0.0,1,snapdragon,8,3.2,4700,1,80,12.0,256,6.78,120,4,android,0,32,0,3200,1440,
Vivo X90 Pro 5G,56999,0.0,1,dimensity,8,3.05,4870,1,120,8.0,256,6.78,120,3,android,0,32,0,2800,1260,
Vivo X90 5G,41990,8.8,1,dimensity,8,3.05,4810,1,120,8.0,128,6.78,120,3,android,50,32,0,2800,1260,
Vivo X80 Pro Plus 5G,82990,0.0,1,snapdragon,8,3.2,4500,1,120,12.0,256,6.78,120,4,android,50,32,0,3200,1440,
Vivo X80 Pro 5G,79999,0.0,1,snapdragon,8,3.0,4700,1,80,12.0,256,6.78,120,4,android,50,32,0,3200,1440,
Vivo X80 5G (12GB RAM + 256GB),59999,8.8,1,dimensity,8,3.05,4500,1,80,12.0,256,6.78,120,3,android,50,32,0,2400,1080,
Vivo X80 5G,54999,8.6,1,dimensity,8,3.05,4500,1,80,8.0,128,6.78,120,3,android,50,32,0,2400,1080,
Vivo X Note 5G (12GB RAM + 512GB),82990,0.0,1,snapdragon,8,3.0,5000,1,80,12.0,512,7.0,120,4,android,50,16,0,3080,1440,
Vivo X Fold Plus,113990,0.0,1,snapdragon,8,3.2,4730,1,80,12.0,256,8.03,120,4,android,50,16,0,2160,1916,
Vivo X Fold 5G (12GB RAM + 512GB),118990,0.0,1,snapdragon,8,3.0,4600,1,66,12.0,512,8.03,120,4,android,50,16,0,2160,1916,
Vivo X Fold 5G,106990,0.0,1,snapdragon,8,3.0,4600,1,66,12.0,256,8.03,120,4,android,50,16,0,2160,1916,
Vivo X Fold 2,119990,0.0,1,snapdragon,8,3.2,4800,1,66,12.0,256,8.03,120,3,android,50,32,0,2160,1916,
Vivo V29,32990,8.4,1,snapdragon,8,2.4,5000,1,80,8.0,256,6.67,120,3,android,64,32,1,2400,1080,
Vivo V28,28990,8.4,1,snapdragon,8,2.2,5000,1,80,8.0,256,6.7,120,3,android,108,32,1,2400,1080,
Vivo V27 Pro,43999,8.7,1,dimensity,8,3.2,5000,1,120,12.0,256,6.73,144,3,android,108,32,0,2400,1080,
Vivo V27,27990,8.3,1,dimensity,8,2.2,4700,1,67,8.0,256,6.56,120,3,android,64,50,1,2400,1080,
Vivo V26 Pro,42990,8.7,1,dimensity,8,3.2,4800,1,100,12.0,256,6.7,120,3,android,64,32,0,2400,1080,
Vivo V25e,19990,8.4,0,helio,8,2.2,4500,1,44,8.0,256,6.44,90,3,android,64,32,1,2400,1080,
Vivo V25 Pro 5G,35999,8.5,1,dimensity,8,3.0,4830,1,66,8.0,128,6.56,120,3,android,64,32,0,2376,1080,
Vivo V25 Pro (12GB RAM + 256GB),39999,8.6,1,dimensity,8,3.0,4830,1,66,12.0,256,6.56,120,3,android,64,32,0,2376,1080,
Vivo V25 5G,27999,8.3,1,dimensity,8,2.0,4500,1,44,8.0,128,6.44,90,3,android,64,50,1,2408,1080,
Vivo V25 (12GB RAM + 256GB),31999,8.5,1,dimensity,8,2.0,4500,1,44,12.0,256,6.44,90,3,android,64,50,1,2408,1080,
Vivo V23e 5G,21994,8.4,1,dimensity,8,2.4,4050,1,44,8.0,128,6.44,60,3,android,50,44,1,2400,1080,
Vivo V23e,26990,8.2,0,helio,8,2.05,4050,1,44,8.0,128,6.44,60,3,android,64,50,0,2400,1080,
Vivo V23 Pro 5G (12GB RAM + 256GB),36994,8.7,1,dimensity,8,3.0,4300,1,44,12.0,256,6.56,90,3,android,108,50,0,2376,1080,
Vivo V23 Pro 5G,31994,8.5,1,dimensity,8,3.0,4300,1,44,8.0,128,6.56,90,3,android,108,50,0,2376,1080,
Vivo V23 5G (12GB RAM + 256GB),27994,8.6,1,dimensity,8,2.5,4200,1,44,12.0,256,6.44,90,3,android,64,50,1,2400,1080,
Vivo V23 5G,24994,8.3,1,dimensity,8,2.5,4200,1,44,8.0,128,6.44,90,3,android,64,50,0,2400,1080,
Vivo V21s,29999,8.6,1,dimensity,8,2.4,4000,1,33,8.0,128,6.44,90,3,android,64,44,1,2400,1080,
Vivo V21 Pro,32999,8.5,1,snapdragon,8,2.4,4300,1,33,8.0,128,6.44,60,4,android,64,44,0,2400,1080,
Vivo V21 5G,23994,8.5,1,dimensity,8,2.4,4000,1,33,8.0,128,6.44,90,3,android,64,44,1,2400,1080,
Vivo V21,24999,8.3,0,dimensity,8,2.4,4000,1,33,8.0,128,6.44,90,3,android,64,44,1,2400,1080,
Vivo V20 SE,19000,8.2,0,snapdragon,8,2.0,4100,1,33,8.0,128,6.44,60,3,android,48,32,1,2400,1080,
Vivo V20 Pro,27000,8.4,1,snapdragon,8,2.4,4000,1,33,8.0,128,6.44,60,3,android,64,44,0,2400,1080,
Vivo V20,23269,8.5,0,snapdragon,8,2.3,4000,1,33,8.0,128,6.44,60,3,android,64,44,1,2400,1080,
Vivo V19 (8GB RAM + 256GB),27990,8.4,0,snapdragon,8,2.3,4500,1,33,8.0,256,6.44,60,4,android,48,32,1,2400,1080,
Vivo V15 Pro (8GB RAM +128GB),25000,7.8,0,snapdragon,8,2.0,3700,1,0,8.0,128,6.39,60,3,android,48,32,1,2316,1080,
Vivo V11i,20990,7.0,0,helio,8,2.0,3315,0,0,4.0,128,6.3,60,2,android,16,25,1,2280,1080,
Vivo U3x,8990,7.1,1,snapdragon,8,2.0,5000,1,18,6.0,64,6.58,90,2,android,13,8,0,2408,1080,
Vivo U3 (6GB RAM + 64GB),11990,7.4,0,snapdragon,8,2.0,5000,1,18,6.0,64,6.53,60,3,android,16,16,1,2340,1080,
Vivo U3,9990,7.2,0,snapdragon,8,2.0,5000,1,18,4.0,64,6.53,60,3,android,16,16,1,2340,1080,
Vivo T3 Pro,31990,8.6,1,snapdragon,8,2.7,4700,1,80,8.0,256,6.67,120,3,android,64,32,1,2408,1080,
Vivo T2x 5G,18990,8.0,1,dimensity,8,3.0,6000,1,44,8.0,128,6.58,120,2,android,50,16,0,2408,1080,
Vivo T2 Pro 5G,29990,7.6,1,snapdragon,8,0.0,4500,1,67,8.0,128,6.44,90,3,android,50,16,1,2408,1080,
Vivo T2 5G,24990,8.5,1,snapdragon,8,3.2,4700,1,80,8.0,128,6.62,120,3,android,64,16,1,2400,1080,
Vivo T1x 4G,11999,7.4,0,snapdragon,8,2.4,5000,1,18,4.0,64,6.58,90,2,android,50,8,1,2408,1080,
Xiaomi Redmi Note 9 Pro Max,16490,8.0,0,snapdragon,8,2.3,5020,1,33,,64,6.67,60,4,android,64,32,1,2400,1080,6.0
Xiaomi Redmi Note 9 Pro (4GB RAM + 128GB),14439,7.7,0,snapdragon,8,2.3,5020,1,18,,128,6.67,60,4,android,48,16,1,2400,1080,4.0
Xiaomi Redmi Note 9 Pro,13999,7.5,0,snapdragon,8,2.3,5020,1,18,,64,6.67,60,4,android,48,16,1,2400,1080,4.0
Xiaomi Redmi Note 9,11989,7.5,0,helio,8,2.0,5020,1,22,,64,6.53,60,4,android,48,13,1,2340,1080,4.0
Xiaomi Redmi Note 8 Pro,16999,7.8,0,helio,8,2.05,4500,1,18,,64,6.53,60,4,android,64,20,1,2340,1080,6.0
Xiaomi Redmi Note 8 2021,9990,7.5,0,helio,8,2.0,4000,1,18,,64,6.3,60,4,android,48,13,1,2340,1080,4.0
Xiaomi Redmi Note 4,10300,6.5,0,snapdragon,8,2.0,4100,0,0,,64,5.5,60,1,android,13,5,1,1920,1080,4.0
Xiaomi Redmi Note 13 Pro Max 5G,20499,8.3,1,snapdragon,8,2.36,5200,1,67,,128,6.67,120,4,android,108,32,1,2460,1080,6.0
Xiaomi Redmi Note 13 Pro 5G,17990,7.8,1,dimensity,8,2.0,5000,1,67,,128,6.67,120,3,android,108,16,0,2460,1080,6.0
Xiaomi Redmi Note 12T 5G,15999,7.8,1,dimensity,8,2.0,5000,1,33,,64,6.52,90,3,android,64,16,1,2400,1080,6.0
Xiaomi Redmi Note 12 Turbo,19999,8.1,1,snapdragon,8,2.4,5000,1,67,,128,6.67,120,3,android,50,16,0,2400,1080,8.0
Xiaomi Redmi Note 12 Pro Plus (6GB RAM + 128GB),26999,8.4,1,dimensity,8,2.6,4980,1,120,,128,6.67,120,3,android,200,16,0,2400,1080,6.0
Xiaomi Redmi Note 12 Pro Plus (12GB RAM + 256GB),32999,8.7,1,dimensity,8,2.6,4980,1,120,,256,6.67,120,3,android,200,16,0,2400,1080,12.0
Xiaomi Redmi Note 12 Pro Plus,29999,8.6,1,dimensity,8,2.6,4980,1,120,,256,6.67,120,3,android,200,16,0,2400,1080,8.0
Xiaomi Redmi Note 12 Pro Max 5G,32999,8.3,1,snapdragon,8,2.36,5200,1,210,,128,6.67,120,4,android,108,32,1,2460,1080,6.0
Xiaomi Redmi Note 12 Pro 5G,24762,7.9,1,dimensity,8,2.6,5000,1,67,,128,6.67,120,3,android,50,16,0,2400,1080,6.0
Xiaomi Redmi Note 12 Pro 4G,14999,7.7,0,snapdragon,8,2.3,5000,1,67,,128,6.67,120,3,android,50,16,0,2400,1080,6.0
Xiaomi Redmi Note 12 Pro (8GB RAM + 256GB),27994,8.2,1,dimensity,8,2.6,5000,1,67,,256,6.67,120,3,android,50,16,0,2400,1080,8.0
Xiaomi Redmi Note 12 Pro (8GB RAM + 128GB),26999,8.2,1,dimensity,8,2.6,5000,1,67,,128,6.67,120,3,android,50,16,0,2400,1080,8.0
Xiaomi Redmi Note 12 Explorer,24999,8.9,1,dimensity,8,2.6,4300,1,120,,256,6.67,120,3,android,200,16,1,2400,1080,8.0
Xiaomi Redmi Note 12 Discovery Edition,26990,8.6,1,dimensity,8,2.6,4300,1,210,,256,6.67,120,3,android,200,16,0,2400,1080,8.0
Xiaomi Redmi Note 12 4G,13999,7.5,0,helio,8,2.2,5000,1,33,,64,6.67,120,3,android,48,13,1,2400,1080,4.0
Xiaomi Redmi Note 12 (6GB RAM + 128GB),19988,7.9,1,snapdragon,8,2.0,5000,1,33,,128,6.67,120,3,android,48,13,1,2400,1080,6.0
Xiaomi Redmi Note 12,17859,7.6,1,snapdragon,8,2.0,5000,1,33,,128,6.67,120,3,android,48,13,1,2400,1080,4.0
Xiaomi Redmi Note 11T Pro 5G,19990,8.2,1,dimensity,8,2.85,5080,1,67,,128,6.6,144,3,android,64,16,1,2460,1080,6.0
Xiaomi Redmi Note 11T 5G (8GB RAM + 128GB),18499,8.3,1,dimensity,8,2.4,5000,1,33,,128,6.6,90,2,android,50,16,1,2400,1080,8.0
Xiaomi Redmi Note 11T 5G (6GB RAM + 128GB),16999,8.1,1,dimensity,8,2.4,5000,1,33,,128,6.6,90,2,android,50,16,1,2400,1080,6.0
Xiaomi Redmi Note 11T 5G,16999,7.9,1,dimensity,8,2.4,5000,1,33,,64,6.6,90,2,android,50,16,1,2400,1080,6.0
Xiaomi Redmi Note 11SE,11999,8.0,0,helio,8,2.05,5000,1,33,,64,6.43,60,4,android,64,13,1,2400,1080,6.0
Xiaomi Redmi Note 11S (8GB RAM + 128GB),15824,8.4,0,helio,8,2.05,5000,1,33,,128,6.43,90,4,android,108,16,1,2400,1080,8.0
Xiaomi Redmi Note 11S (6GB RAM + 128GB),15499,8.1,0,helio,8,2.05,5000,1,33,,128,6.43,90,4,android,108,16,1,2400,1080,6.0
Xiaomi Redmi Note 11S,14590,8.0,0,helio,8,2.05,5000,1,33,,64,6.43,90,4,android,108,16,1,2400,1080,6.0
Xiaomi Redmi Note 11R,12990,7.3,1,dimensity,8,2.2,5000,1,18,,128,6.58,90,2,android,13,5,1,2400,1080,4.0
Xiaomi Redmi Note 11E 5G,13990,6.9,1,dimensity,8,2.2,5000,1,18,,128,6.58,90,2,android,50,5,0,2408,1080,4.0
Xiaomi Redmi Note 11 Pro Plus 5G (8GB RAM + 256GB),22999,8.7,1,snapdragon,8,2.2,5000,1,67,,256,6.67,120,3,android,108,16,1,2400,1080,8.0
Xiaomi Redmi Note 11 Pro Plus 5G (8GB RAM + 128GB),22700,8.6,1,snapdragon,8,2.2,5000,1,67,,128,6.67,120,3,android,108,16,1,2400,1080,8.0
Xiaomi Redmi Note 11 Pro Plus 5G,19999,8.3,1,snapdragon,8,2.2,5000,1,67,,128,6.67,120,3,android,108,16,1,2400,1080,6.0
Xiaomi Redmi Note 11 Pro Max 5G,19999,8.3,1,snapdragon,8,2.4,5200,1,33,,128,6.67,120,4,android,108,32,1,2400,1080,6.0
Xiaomi Redmi Note 11 Pro 5G,17990,8.1,1,snapdragon,8,2.2,5000,1,67,,64,6.67,120,3,android,108,16,1,2400,1080,6.0
Xiaomi Redmi Note 11 Pro 4G,17999,8.1,0,helio,8,2.05,5000,1,67,,128,6.67,120,4,android,108,16,1,2400,1080,6.0
Xiaomi Redmi Note 11 5G,14990,7.7,1,dimensity,8,2.4,5000,1,33,,128,6.6,90,2,android,50,16,1,2400,1080,4.0
Xiaomi Redmi Note 11 (6GB RAM + 64GB),12188,7.9,0,snapdragon,8,2.4,5000,1,33,,64,6.43,90,4,android,50,13,1,2400,1080,6.0
OnePlus Z,24999,7.9,0,snapdragon,8,2.4,4300,1,30,,128,6.55,90,3,android,64,16,0,2400,1080,8.0
OnePlus Nord SE,19999,7.3,0,snapdragon,8,2.0,4500,1,65,,64,6.3,60,4,android,48,13,1,2400,1080,4.0
OnePlus Nord N300,18990,7.5,1,dimensity,8,2.4,5000,1,33,,64,6.56,90,2,android,48,16,1,1612,720,4.0
OnePlus Nord N200,16990,7.5,1,snapdragon,8,2.0,5000,1,18,,64,6.49,90,3,android,13,16,1,2400,1080,4.0
OnePlus Nord N20 5G,20990,8.1,1,snapdragon,8,2.2,4500,1,33,,128,6.43,60,3,android,64,16,1,2400,1080,6.0
OnePlus Nord N100,16990,6.8,0,snapdragon,8,1.8,5000,1,18,,64,6.52,90,3,android,13,8,1,1600,720,4.0
OnePlus Nord N10,25595,8.1,1,snapdragon,8,2.0,4300,1,30,,128,6.49,90,4,android,64,16,1,2400,1080,6.0
OnePlus Nord Lite,19999,7.7,0,snapdragon,8,2.0,4300,1,30,,128,6.55,90,3,android,48,16,0,2400,1080,8.0
OnePlus Nord CE 3 Lite 5G,18999,8.1,1,snapdragon,8,2.2,5000,1,33,,128,6.59,120,3,android,50,16,1,2412,1080,6.0
OnePlus Nord CE 3 5G,21999,8.3,1,snapdragon,8,2.2,5000,1,67,,128,6.7,120,3,android,108,16,1,2412,1080,6.0
OnePlus Nord CE 2 Lite 5G (8GB RAM + 256GB),24999,8.5,1,snapdragon,8,2.2,5000,1,33,,256,6.59,120,3,android,64,16,1,2412,1080,8.0
OnePlus Nord CE 2 Lite 5G (8GB RAM + 128GB),21995,8.4,1,snapdragon,8,2.2,5000,1,33,,128,6.59,120,3,android,64,16,1,2412,1080,8.0
OnePlus Nord CE 2 Lite 5G,19989,8.1,1,snapdragon,8,2.2,5000,1,33,,128,6.59,120,3,android,64,16,1,2412,1080,6.0
OnePlus Nord 5,34999,7.6,1,dimensity,8,0.0,5000,1,120,,128,6.57,120,3,android,64,32,0,2400,1080,8.0
OnePlus Nord 4 5G,29999,8.3,1,snapdragon,8,2.36,4500,1,80,,128,6.43,120,3,android,50,32,0,2412,1080,8.0
OnePlus Nord 3T 5G,29990,8.4,1,dimensity,8,3.0,4500,1,80,,128,6.43,90,3,android,50,32,0,2400,1080,8.0
OnePlus Nord 3 5G,27999,8.4,1,dimensity,8,3.1,4200,1,120,,128,6.43,90,3,android,50,32,0,2400,1080,8.0
OnePlus Nord 2T 5G,28999,8.4,1,dimensity,8,3.0,4500,1,80,,128,6.43,90,3,android,50,32,0,2400,1080,8.0
OnePlus Nord 2T (12GB RAM + 256GB),33900,8.5,1,dimensity,8,3.0,4500,1,80,,256,6.43,90,3,android,50,32,0,2400,1080,12.0
OnePlus Nord 2 Lite 5G,22999,8.3,1,snapdragon,8,2.2,5000,1,33,,128,6.59,120,3,android,64,16,1,2412,1080,8.0
OnePlus Clover,14999,6.9,0,snapdragon,8,1.8,6000,1,18,,64,6.52,60,3,android,13,8,1,1560,720,4.0
OnePlus Ace Racing Edition 5G,22990,8.3,1,dimensity,8,2.85,5000,1,0,,128,6.59,120,3,android,64,16,0,2412,1080,8.0
OnePlus Ace Pro,47990,8.6,1,snapdragon,8,3.2,4800,1,150,,256,6.7,120,3,android,50,16,0,2412,1080,12.0
OnePlus Ace 5G,28990,8.4,1,dimensity,8,2.85,4500,1,150,,128,6.7,120,3,android,50,16,0,2412,1080,8.0
OnePlus Ace 2,34999,8.4,1,snapdragon,8,3.2,5000,1,100,,128,6.7,120,3,android,50,16,0,2412,1080,8.0
OnePlus 9T,44999,8.6,1,snapdragon,8,2.84,4500,1,65,,128,6.55,120,4,android,108,16,0,2400,1080,8.0
OnePlus 9RT 5G,42999,8.5,1,snapdragon,8,2.84,4500,1,0,,128,6.62,120,3,android,50,16,0,2400,1080,8.0
OnePlus 9 Pro,64800,8.9,1,snapdragon,8,2.84,4500,1,65,,128,6.7,120,4,android,48,16,0,3216,1440,8.0
OnePlus 6 (8GB RAM + 128GB),27999,7.7,0,snapdragon,8,2.8,3300,0,0,,128,6.28,60,2,android,20,16,0,2280,1080,8.0
OnePlus 12 Pro,69999,0.0,1,snapdragon,8,3.2,4800,1,150,,256,6.73,144,3,android,108,32,0,3412,1440,12.0
OnePlus 11R,39999,8.5,1,snapdragon,8,3.2,5000,1,100,,128,6.7,120,3,android,50,16,0,2412,1080,8.0
OnePlus 11 Pro,69999,0.0,1,snapdragon,8,3.2,4500,1,100,,128,6.7,120,3,android,50,16,0,3216,1440,8.0
OnePlus 11 5G,54999,8.9,1,snapdragon,8,3.2,5000,1,100,,256,6.7,120,3,android,50,16,0,3216,1440,12.0
OnePlus 10T (16GB RAM + 256GB),55999,8.7,1,snapdragon,8,3.2,4800,1,150,,256,6.7,120,3,android,50,16,0,2412,1080,16.0
OnePlus 10T (12GB RAM + 256GB),50999,8.7,1,snapdragon,8,3.2,4800,1,150,,256,6.7,120,3,android,50,16,0,2412,1080,12.0
OnePlus 10T,44999,8.5,1,snapdragon,8,3.2,4800,1,150,,128,6.7,120,3,android,50,16,0,2412,1080,8.0
OnePlus 10R Prime Edition,35389,8.5,1,dimensity,8,2.85,5000,1,80,,128,6.7,120,3,android,50,16,0,2412,1080,8.0
OnePlus 10R 5G (12GB RAM + 256GB),36999,8.7,1,dimensity,8,2.85,5000,1,80,,256,6.7,120,3,android,50,16,0,2412,1080,12.0
OnePlus 10R 5G,32999,8.6,1,dimensity,8,2.85,5000,1,80,,128,6.7,120,3,android,50,16,0,2412,1080,8.0
OnePlus 10 Pro 5G (12GB RAM + 512GB),74999,0.0,1,snapdragon,8,3.0,5000,1,80,,512,6.7,120,3,android,50,32,0,3216,1440,12.0
OnePlus 10 Pro 5G (12GB RAM + 256GB),65499,0.0,1,snapdragon,8,3.0,5000,1,80,,256,6.7,120,3,android,50,32,0,3216,1440,12.0
OnePlus 10 Pro 5G,60999,8.9,1,snapdragon,8,3.0,5000,1,80,,128,6.7,120,3,android,50,32,0,3216,1440,8.0
Realme XT,13279,7.5,0,snapdragon,8,2.3,4000,1,20,,64,6.4,60,4,android,64,16,1,2340,1080,4.0
Realme X7 Max,26999,8.4,1,dimensity,8,3.0,4500,1,50,,128,6.43,120,3,android,64,16,0,2400,1080,8.0
Realme X50 Pro 5G (8GB RAM + 128GB),24999,8.5,1,snapdragon,8,2.84,4200,1,65,,128,6.44,90,4,android,64,32,0,2400,1080,8.0
Realme X50 Pro 5G (12GB RAM + 256GB),27999,8.7,1,snapdragon,8,2.84,4200,1,65,,256,6.44,90,4,android,64,32,0,2400,1080,12.0
Realme Q5 5G,14990,7.8,1,snapdragon,8,2.2,5000,1,60,,128,6.6,120,3,android,50,16,1,2412,1080,6.0
Realme Q3i 5G,10990,7.6,1,dimensity,8,2.2,5000,1,18,,128,6.5,60,3,android,48,16,1,2400,1080,4.0
Realme Q3,14999,8.0,1,snapdragon,8,2.2,5000,1,30,,128,6.5,120,3,android,48,16,1,2400,1080,6.0
Realme Q2i,9999,6.9,1,dimensity,8,2.0,5000,1,18,,128,6.5,60,3,android,13,8,0,1600,720,4.0
Realme Narzo 50i Prime (4GB RAM + 64GB),8720,6.4,0,tiger,8,1.82,5000,1,10,,64,6.5,60,1,android,8,5,1,1600,720,4.0
Realme Narzo 50i Prime,7999,6.1,0,tiger,8,1.82,5000,1,10,,32,6.5,60,1,android,8,5,1,1600,720,3.0
Realme Narzo 50i (4GB RAM + 64GB),8999,6.2,0,unisoc,8,1.6,5000,0,0,,64,6.5,60,1,android,8,5,1,1600,720,4.0
Realme Narzo 50i,6490,0.0,0,unisoc,8,1.6,5000,0,0,,32,6.5,60,1,android,8,5,1,1600,720,2.0
Realme Narzo 50A Prime (4GB RAM + 128GB),11879,7.4,0,tiger,8,1.82,5000,1,18,,128,6.6,60,3,android,50,8,1,2408,1080,4.0
Realme Narzo 50A Prime,11399,7.3,0,tiger,8,1.82,5000,1,18,,64,6.6,60,3,android,50,8,1,2408,1080,4.0
Realme Narzo 50A,11499,7.1,0,helio,8,2.0,6000,1,18,,64,6.5,60,3,android,50,8,1,1600,720,4.0
Realme Narzo 50 Pro 5G (8GB RAM + 128GB),22999,8.3,1,dimensity,8,2.5,5000,1,33,,128,6.4,90,3,android,48,16,1,2400,1080,8.0
Realme Narzo 50 Pro 5G,20490,8.1,1,dimensity,8,2.5,5000,1,33,,128,6.4,90,3,android,48,16,1,2400,1080,6.0
Realme Narzo 50 5G (4GB RAM + 64GB),13499,7.5,1,dimensity,8,2.4,5000,1,33,,64,6.6,90,3,android,48,16,1,2400,1080,4.0
Realme Narzo 50 5G (4GB RAM + 128GB),14999,7.6,1,dimensity,8,2.4,5000,1,33,,128,6.6,90,3,android,48,16,1,2400,1080,4.0
Realme Narzo 50 5G,17999,7.9,1,dimensity,8,2.4,5000,1,33,,128,6.6,90,3,android,48,16,1,2400,1080,6.0
Realme Narzo 50 (6GB RAM + 128GB),15499,7.7,0,helio,8,2.0,5000,1,33,,128,6.6,120,3,android,50,16,1,2412,1080,6.0
Realme Narzo 50,10999,7.4,0,helio,8,2.0,5000,1,33,,64,6.6,120,3,android,50,16,1,2412,1080,4.0
Realme Narzo 30 Pro 5G (8GB RAM +128GB),19999,8.3,1,dimensity,8,2.4,5000,1,30,,128,6.5,120,3,android,48,16,1,2400,1080,8.0
Realme Narzo 30 5G,16999,8.0,1,dimensity,8,2.2,5000,1,18,,128,6.5,90,3,android,48,16,1,2400,1080,6.0
Realme Narzo 20,10499,7.2,0,helio,8,2.0,6000,1,18,,64,6.5,60,3,android,48,8,1,1600,720,4.0
Realme GT Neo2 5G,31999,8.2,1,snapdragon,8,3.2,5000,1,65,,128,6.62,120,3,android,64,16,0,1080,2400,8.0
Realme GT Neo 5,34999,8.3,1,snapdragon,8,3.2,4600,1,240,,128,6.7,120,3,android,50,16,0,2412,1080,8.0
Realme GT Neo 4T,29999,8.0,1,snapdragon,8,3.0,5000,1,120,,128,6.73,144,3,android,50,16,0,2400,1080,8.0
Realme GT Neo 3T (8GB RAM + 256GB),28499,8.2,1,snapdragon,8,3.2,5000,1,80,,256,6.62,120,3,android,64,16,0,2400,1080,8.0
Realme GT Neo 3T (8GB RAM + 128GB),26499,8.1,1,snapdragon,8,3.2,5000,1,80,,128,6.62,120,3,android,64,16,0,2400,1080,8.0
Realme GT Neo 3T,24999,7.9,1,snapdragon,8,3.2,5000,1,80,,128,6.62,120,3,android,64,16,0,2400,1080,6.0
Realme GT Neo 3 5G,31994,8.3,1,dimensity,8,2.85,5000,1,80,,128,6.7,120,3,android,50,16,0,2412,1080,8.0
Realme GT Master Edition 5G,27999,8.4,1,snapdragon,8,2.4,4300,1,65,,128,6.43,120,3,android,64,32,0,2400,1080,8.0
Realme GT Explorer Master Edition,32990,8.5,1,snapdragon,8,3.2,4500,1,65,,128,6.55,120,3,android,50,32,0,2400,1080,8.0
Realme GT 5G,30994,8.5,1,snapdragon,8,2.84,4500,1,65,,128,6.43,120,3,android,64,16,0,2400,1080,8.0
Realme GT 2 Pro 5G (12GB RAM + 256GB),46999,8.9,1,snapdragon,8,3.0,5000,1,65,,256,6.7,120,3,android,50,32,0,3216,1440,12.0
Realme GT 2 Pro 5G,49959,8.9,1,snapdragon,8,3.0,5000,1,65,,128,6.7,120,3,android,50,32,0,3216,1440,8.0
Realme GT 2 Explorer Master Edition,40990,8.6,1,snapdragon,8,3.2,5000,1,100,,128,6.7,120,3,android,50,16,0,2412,1080,8.0
Realme GT 2 5G,28994,8.4,1,snapdragon,8,2.84,5000,1,65,,128,6.62,120,3,android,50,16,0,2400,1080,8.0
Realme G1,7999,6.4,0,helio,8,2.3,6000,0,0,,32,6.52,60,3,android,13,5,1,1600,720,3.0
Realme C35 (6GB RAM + 128GB),13999,7.4,0,tiger,8,1.8,5000,1,18,,128,6.6,90,3,android,50,8,1,2408,1080,6.0
Realme C35 (4GB RAM + 128GB),12787,7.1,0,tiger,8,1.8,5000,1,18,,128,6.6,90,3,android,50,8,1,2408,1080,4.0
Google Pixel 8 Pro,70990,8.0,1,google,8,0.0,5000,1,67,,256,6.73,120,3,android,50,12,0,3120,1440,12.0
Google Pixel 8,53990,7.5,1,google,8,0.0,4830,1,67,,128,6.6,120,2,android,50,10,0,2400,1080,8.0
Google Pixel 7A,34990,6.9,1,google,8,0.0,4410,1,0,,128,6.1,90,2,android,0,8,0,2400,1080,6.0
Google Pixel 7 Pro 5G,81999,0.0,1,google,8,2.85,5000,1,30,,128,6.7,120,3,android,50,11,0,3120,1440,12.0
Google Pixel 7 5G,53100,8.6,1,google,8,2.85,4355,1,30,,128,6.3,90,2,android,50,11,0,2400,1080,8.0
Google Pixel 6A,29999,7.1,1,google,8,0.0,4410,1,0,,128,6.14,60,2,android,0,8,0,2400,1080,6.0
Google Pixel 6 Pro (12GB RAM + 256GB),79700,0.0,1,google,8,2.8,5003,1,30,,256,6.71,120,3,android,50,11,0,3120,1440,12.0
Google Pixel 6 Pro,54300,8.9,1,google,8,2.8,5003,1,30,,128,6.71,120,3,android,50,11,0,3120,1440,12.0
Google Pixel 6,40480,8.4,1,google,8,2.8,4614,1,30,,128,6.4,90,2,android,50,8,0,2400,1080,8.0
Google Pixel 5A,32999,7.8,1,snapdragon,8,2.4,4620,1,18,,128,6.34,60,2,android,16,8,0,2400,1080,6.0
Google Pixel 5,36000,8.2,1,snapdragon,8,2.4,4080,1,18,,128,6.0,90,2,android,16,8,0,2340,1080,8.0
Google Pixel 4,20120,7.8,0,snapdragon,8,2.8,2800,1,0,,64,5.7,60,2,android,16,8,0,2280,1080,6.0
Google Pixel 3a XL,15999,6.7,0,snapdragon,8,2.0,3700,1,18,,64,6.0,60,1,android,0,8,0,2160,1080,4.0
Google Pixel 2 XL,15990,6.9,0,snapdragon,8,2.35,3520,1,0,,128,6.0,60,1,android,0,8,0,2880,1440,4.0
Google Pixel 8 Pro,70990,8.0,1,google,8,0.0,5000,1,67,,256,6.73,120,3,android,50,12,0,3120,1440,12.0
Google Pixel 8,53990,7.5,1,google,8,0.0,4830,1,67,,128,6.6,120,2,android,50,10,0,2400,1080,8.0
Google Pixel 7A,34990,6.9,1,google,8,0.0,4410,1,0,,128,6.1,90,2,android,0,8,0,2400,1080,6.0
Google Pixel 7 Pro 5G,81999,0.0,1,google,8,2.85,5000,1,30,,128,6.7,120,3,android,50,11,0,3120,1440,12.0
Google Pixel 7 5G,53100,8.6,1,google,8,2.85,4355,1,30,,128,6.3,90,2,android,50,11,0,2400,1080,8.0
Google Pixel 6A,29999,7.1,1,google,8,0.0,4410,1,0,,128,6.14,60,2,android,0,8,0,2400,1080,6.0
Google Pixel 6 Pro (12GB RAM + 256GB),79700,0.0,1,google,8,2.8,5003,1,30,,256,6.71,120,3,android,50,11,0,3120,1440,12.0
Google Pixel 6 Pro,54300,8.9,1,google,8,2.8,5003,1,30,,128,6.71,120,3,android,50,11,0,3120,1440,12.0
Google Pixel 6,40480,8.4,1,google,8,2.8,4614,1,30,,128,6.4,90,2,android,50,8,0,2400,1080,8.0
Google Pixel 5A,32999,7.8,1,snapdragon,8,2.4,4620,1,18,,128,6.34,60,2,android,16,8,0,2400,1080,6.0
Google Pixel 5,36000,8.2,1,snapdragon,8,2.4,4080,1,18,,128,6.0,90,2,android,16,8,0,2340,1080,8.0
Google Pixel 4,20120,7.8,0,snapdragon,8,2.8,2800,1,0,,64,5.7,60,2,android,16,8,0,2280,1080,6.0
Google Pixel 3a XL,15999,6.7,0,snapdragon,8,2.0,3700,1,18,,64,6.0,60,1,android,0,8,0,2160,1080,4.0
Google Pixel 2 XL,15990,6.9,0,snapdragon,8,2.35,3520,1,0,,128,6.0,60,1,android,0,8,0,2880,1440,4.0
Google Pixel 8 Pro,70990,8.0,1,google,8,0.0,5000,1,67,,256,6.73,120,3,android,50,12,0,3120,1440,12.0
Google Pixel 8,53990,7.5,1,google,8,0.0,4830,1,67,,128,6.6,120,2,android,50,10,0,2400,1080,8.0
Google Pixel 7A,34990,6.9,1,google,8,0.0,4410,1,0,,128,6.1,90,2,android,0,8,0,2400,1080,6.0
Google Pixel 7 Pro 5G,81999,0.0,1,google,8,2.85,5000,1,30,,128,6.7,120,3,android,50,11,0,3120,1440,12.0
Google Pixel 7 5G,53100,8.6,1,google,8,2.85,4355,1,30,,128,6.3,90,2,android,50,11,0,2400,1080,8.0
Google Pixel 6A,29999,7.1,1,google,8,0.0,4410,1,0,,128,6.14,60,2,android,0,8,0,2400,1080,6.0
Google Pixel 6 Pro (12GB RAM + 256GB),79700,0.0,1,google,8,2.8,5003,1,30,,256,6.71,120,3,android,50,11,0,3120,1440,12.0
Google Pixel 6 Pro,54300,8.9,1,google,8,2.8,5003,1,30,,128,6.71,120,3,android,50,11,0,3120,1440,12.0
Google Pixel 6,40480,8.4,1,google,8,2.8,4614,1,30,,128,6.4,90,2,android,50,8,0,2400,1080,8.0
Google Pixel 5A,32999,7.8,1,snapdragon,8,2.4,4620,1,18,,128,6.34,60,2,android,16,8,0,2400,1080,6.0
Google Pixel 5,36000,8.2,1,snapdragon,8,2.4,4080,1,18,,128,6.0,90,2,android,16,8,0,2340,1080,8.0
Google Pixel 4,20120,7.8,0,snapdragon,8,2.8,2800,1,0,,64,5.7,60,2,android,16,8,0,2280,1080,6.0
Google Pixel 3a XL,15999,6.7,0,snapdragon,8,2.0,3700,1,18,,64,6.0,60,1,android,0,8,0,2160,1080,4.0
Google Pixel 2 XL,15990,6.9,0,snapdragon,8,2.35,3520,1,0,,128,6.0,60,1,android,0,8,0,2880,1440,4.0
Motorola ThinkPhone,49990,8.9,1,snapdragon,8,3.2,5000,1,68,,128,6.6,144,3,android,50,32,0,2400,1080,8.0
Motorola One Macro,11490,6.8,0,helio,8,2.0,4000,1,10,,64,6.2,60,3,android,13,8,1,1520,720,4.0
Motorola One Fusion Plus,19499,8.0,0,snapdragon,8,2.2,5000,1,18,,128,6.5,60,4,android,64,16,1,2340,1080,6.0
Motorola Moto X40,39999,8.9,1,snapdragon,8,3.2,4600,1,125,,128,6.7,165,3,android,50,60,0,2400,1080,8.0
Motorola Moto X30 Pro,41990,0.0,1,snapdragon,8,3.2,4450,1,125,,128,6.67,144,3,android,200,60,0,2400,1080,8.0
Motorola Moto S30 Pro,23990,8.3,1,snapdragon,8,2.9,4400,1,68,,128,6.55,144,3,android,50,32,0,2460,1080,8.0
Motorola Moto G91 5G,19990,8.0,1,snapdragon,8,2.2,5000,1,0,,128,6.8,60,3,android,108,32,1,2400,1080,6.0
Motorola Moto G82 5G,18999,8.3,1,snapdragon,8,2.2,5000,1,30,,128,6.6,120,3,android,50,16,1,2400,1080,6.0
Motorola Moto G82 (8GB RAM + 128GB),20499,8.6,1,snapdragon,8,2.2,5000,1,30,,128,6.6,120,3,android,50,16,1,2400,1080,8.0
Motorola Moto G73,25999,8.5,1,dimensity,8,2.2,5000,1,30,,256,6.5,120,2,android,50,16,1,2400,1080,8.0
Motorola Moto G72 4G,15999,8.3,0,helio,8,2.2,5000,1,33,,128,6.55,120,3,android,108,16,1,2400,1080,6.0
Motorola Moto G72,19990,8.1,1,snapdragon,8,2.2,5000,1,33,,128,6.5,120,3,android,108,16,0,2400,1080,6.0
Motorola Moto G71 5G,16999,8.0,1,snapdragon,8,2.2,5000,1,33,,128,6.4,60,3,android,50,16,0,2400,1080,6.0
Motorola Moto G62 5G,14999,8.1,1,snapdragon,8,2.2,5000,1,0,,128,6.55,120,3,android,50,16,1,2400,1080,6.0
Motorola Moto G62 (8GB RAM + 128GB),16499,8.4,1,snapdragon,8,2.2,5000,1,0,,128,6.55,120,3,android,50,16,1,2400,1080,8.0
Motorola Moto G60,15999,8.4,0,snapdragon,8,2.3,6000,1,20,,128,6.78,120,3,android,108,32,1,2460,1080,6.0
Motorola Moto G53,21999,7.9,1,snapdragon,8,2.2,5000,1,10,,128,6.5,120,2,android,50,16,1,1600,720,4.0
Motorola Moto G52 5G,16999,7.6,1,snapdragon,8,2.2,5000,1,33,,64,6.6,90,3,android,50,16,1,1080,2460,4.0
Motorola Moto G52 (6GB RAM + 128GB),12999,7.9,0,snapdragon,8,2.4,5000,1,33,,128,6.6,90,3,android,50,16,1,1080,2460,6.0
Motorola Moto G52,11999,7.5,0,snapdragon,8,2.4,5000,1,33,,64,6.6,90,3,android,50,16,1,1080,2460,4.0
Motorola Moto G51 5G,12999,7.7,1,snapdragon,8,2.2,5000,0,0,,64,6.8,120,3,android,50,13,1,2400,1080,4.0
Motorola Moto G42,10999,7.8,0,snapdragon,8,2.4,5000,1,20,,64,6.47,60,3,android,50,16,1,2400,1080,4.0
Motorola Moto G40 Fusion,14499,7.7,0,snapdragon,8,2.3,6000,1,20,,64,6.78,120,3,android,64,16,1,2460,1080,4.0
Motorola Moto G32,10499,7.5,0,snapdragon,8,2.4,5000,1,33,,64,6.55,90,3,android,50,16,1,2400,1080,4.0
Motorola Moto G31 (6GB RAM+ 128GB),11999,7.8,0,helio,8,2.0,5000,1,20,,128,6.47,60,3,android,50,13,1,2400,1080,6.0
Motorola Moto G31,9999,7.5,0,helio,8,2.0,5000,1,20,,64,6.47,60,3,android,50,13,1,2400,1080,4.0
Motorola Moto G23,19999,7.7,0,helio,8,2.0,5000,1,30,,128,6.5,90,3,android,50,16,1,1600,720,4.0
Motorola Moto G22,9499,7.5,0,helio,8,2.3,5000,1,20,,64,6.53,90,4,android,50,16,1,1600,720,4.0
Motorola Moto G13,15999,7.5,0,helio,8,2.0,5000,1,10,,128,6.5,90,3,android,50,8,1,1600,720,4.0
Motorola Moto G 5G,19990,8.2,1,snapdragon,8,2.2,5000,1,20,,128,6.67,60,3,android,48,16,1,2400,1080,6.0
Motorola Moto Edge X30 Pro,59990,0.0,1,snapdragon,8,3.2,4450,1,125,,128,6.67,144,3,android,200,60,0,2340,1080,8.0
Motorola Moto Edge S30 Pro,34990,8.3,1,snapdragon,8,3.0,5000,1,68,,128,6.67,120,3,android,64,16,0,2460,1080,8.0
Motorola Moto Edge S30 5G,23990,8.5,1,snapdragon,8,2.9,5000,1,33,,128,6.8,144,3,android,108,16,0,2460,1080,6.0
Motorola Moto Edge 30 Neo,31990,8.4,1,snapdragon,8,2.2,4020,1,68,,128,6.28,120,2,android,64,32,0,2400,1080,8.0
Motorola Moto E40,7999,7.1,0,tiger,8,1.8,5000,0,0,,64,6.5,90,3,android,48,8,1,1600,720,4.0
Motorola Moto E32s (4GB RAM + 64GB),8859,6.7,0,helio,8,1.8,5000,1,18,,64,6.5,90,3,android,16,8,1,1600,720,4.0
Motorola Moto E32s,7990,6.5,0,helio,8,1.8,5000,1,18,,32,6.5,90,3,android,16,8,1,1600,720,3.0
Motorola Moto E32,8999,7.1,0,helio,8,2.3,5000,1,10,,64,6.5,90,2,android,50,8,1,1600,720,4.0
Motorola Moto E22s,9022,7.0,0,helio,8,2.3,5000,1,10,,64,6.5,90,2,android,16,8,1,1600,720,4.0
Motorola Moto E13,10499,6.5,0,tiger,8,2.0,5000,1,10,,64,6.5,60,1,android,13,5,1,1600,720,2.0
Motorola Edge S,22490,8.7,1,snapdragon,8,3.2,5000,1,20,,128,6.7,90,4,android,64,16,1,2520,1080,6.0
Motorola Edge Plus,57999,8.9,1,snapdragon,8,2.84,5000,1,18,,256,6.7,90,3,android,108,25,0,2340,1080,12.0
Poco X6 Pro 5G,19999,7.2,1,snapdragon,8,0.0,5000,1,0,,128,6.67,120,4,android,64,32,1,2400,1080,6.0
Poco X5 Pro,20999,8.1,1,snapdragon,8,2.4,5000,1,67,,128,6.67,120,3,android,108,16,0,2400,1080,6.0
Poco X5,14999,7.4,1,snapdragon,8,2.2,5000,1,33,,128,6.67,120,3,android,48,8,0,2400,1080,4.0
Poco X4 Pro 5G (8GB RAM + 128GB),17999,8.4,1,snapdragon,8,2.2,5000,1,67,,128,6.67,120,3,android,64,16,1,2400,1080,8.0
Poco X4 Pro 5G (6GB RAM + 128GB),16499,8.2,1,snapdragon,8,2.2,5000,1,67,,128,6.67,120,3,android,64,16,1,2400,1080,6.0
Poco X4 Pro 5G,14999,8.0,1,snapdragon,8,2.2,5000,1,67,,64,6.67,120,3,android,64,16,1,2400,1080,6.0
Poco X4,14990,7.9,1,dimensity,8,2.2,5000,1,67,,128,6.67,120,3,android,50,16,1,2400,1080,6.0
Poco X3 Pro,19650,8.2,0,snapdragon,8,2.96,5160,1,33,,128,6.67,120,4,android,48,20,1,2400,1080,6.0
Poco X3,13499,8.0,0,snapdragon,8,2.3,6000,1,33,,64,6.67,120,4,android,64,20,1,2400,1080,6.0
Poco M6 Pro,19990,8.4,1,dimensity,8,2.5,5100,1,120,,128,6.73,120,3,android,108,32,1,2400,1080,8.0
Poco M5 (6GB RAM + 128GB),14499,7.7,0,helio,8,2.2,5000,1,18,,128,6.58,90,3,android,50,8,1,2400,1080,6.0
Poco M5,10799,7.4,0,helio,8,2.2,5000,1,18,,64,6.58,90,3,android,50,8,1,2400,1080,4.0
Poco M4 Pro 5G (8GB RAM + 128GB),15999,8.2,1,dimensity,8,2.4,5000,1,33,,128,6.6,90,2,android,50,16,1,2400,1080,8.0
Poco M4 Pro 5G (6GB RAM + 128GB),14999,8.1,1,dimensity,8,2.4,5000,1,33,,128,6.6,90,2,android,50,16,1,2400,1080,6.0
Poco M4 Pro 5G,12999,7.6,1,dimensity,8,2.4,5000,1,33,,64,6.6,90,2,android,50,16,1,2400,1080,4.0
Poco M4 5G (6GB RAM + 128GB),13499,7.9,1,dimensity,8,2.2,5000,1,18,,128,6.58,90,2,android,50,8,1,2400,1080,6.0
Poco M4 5G,11499,7.5,1,dimensity,8,2.2,5000,1,18,,64,6.58,90,2,android,50,8,1,2400,1080,4.0
Poco M3,11499,7.5,0,snapdragon,8,2.0,6000,1,18,,64,6.53,60,3,android,48,8,1,2340,1080,6.0
Poco M2,10890,7.4,0,helio,8,2.0,5000,1,18,,64,6.53,60,4,android,13,8,1,2340,1080,6.0
Poco F5 Pro,29999,8.4,1,snapdragon,8,3.2,5500,1,67,,128,6.67,120,3,android,64,16,0,3200,1440,8.0
Poco F5,34990,8.5,1,snapdragon,8,3.2,4700,1,67,,128,6.7,120,3,android,64,32,0,2400,1080,8.0
Poco F4 5G (8GB RAM + 128GB),27999,8.5,1,snapdragon,8,3.2,4500,1,67,,128,6.67,120,3,android,64,20,0,2400,1080,8.0
Poco F4 5G,25999,8.2,1,snapdragon,8,3.2,4500,1,67,,128,6.67,120,3,android,64,20,0,2400,1080,6.0
Poco F4 (12GB RAM + 256GB),29999,8.6,1,snapdragon,8,3.2,4500,1,67,,256,6.67,120,3,android,64,20,0,2400,1080,12.0
Poco F3 GT,32999,7.9,1,dimensity,8,3.0,5065,1,67,,128,6.67,120,3,android,64,16,0,2400,1080,6.0
Poco C55,7999,7.0,0,helio,8,2.0,5000,0,0,,64,6.71,60,2,android,50,5,1,1650,720,4.0
Poco C50 (3GB RAM + 32GB),7299,6.1,0,helio,4,2.0,5000,1,10,,32,6.52,60,2,android,8,5,1,1600,720,3.0
Poco C50,6499,0.0,0,helio,4,2.0,5000,1,10,,32,6.52,60,2,android,8,5,1,1600,720,2.0
POCO X5 GT,29990,8.4,1,dimensity,8,3.2,5000,1,80,,128,6.7,144,3,android,64,32,0,2400,1080,8.0
POCO X4 GT 5G (8GB RAM + 256GB),28990,8.5,1,dimensity,8,2.85,5080,1,67,,256,6.6,144,3,android,64,16,0,2460,1080,8.0
POCO X4 GT 5G,24990,8.4,1,dimensity,8,2.85,5080,1,67,,128,6.6,144,3,android,64,16,0,2460,1080,8.0
POCO M4 Pro 4G (8GB RAM + 128GB),13999,8.1,0,helio,8,2.05,5000,1,33,,128,6.43,90,3,android,64,16,1,2400,1080,8.0
POCO M4 Pro 4G (6GB RAM + 128GB),12999,7.9,0,helio,8,2.05,5000,1,33,,128,6.43,90,3,android,64,16,1,2400,1080,6.0
POCO M4 Pro 4G,11999,7.7,0,helio,8,2.05,5000,1,33,,64,6.43,90,3,android,64,16,1,2400,1080,6.0
POCO M3 Pro 5G (6GB RAM + 128GB),14799,7.9,1,dimensity,8,2.2,5000,1,18,,128,6.5,90,3,android,48,8,1,2400,1080,6.0
POCO M3 Pro 5G,15999,7.5,1,dimensity,8,2.2,5000,1,18,,64,6.5,90,3,android,48,8,1,2400,1080,4.0
POCO M2 Pro,12799,7.6,0,snapdragon,8,2.3,5000,1,33,,64,6.67,60,4,android,48,16,1,2400,1080,4.0
POCO F5 GT 5G,42999,8.6,1,dimensity,8,3.0,4500,1,150,,128,6.67,120,3,android,64,20,0,2412,1080,8.0
POCO F4 GT 5G,39999,8.6,1,snapdragon,8,3.0,4700,1,120,,128,6.67,120,3,android,64,20,0,2400,1080,8.0
POCO C31 (4GB RAM + 64GB),7499,6.8,0,helio,8,2.3,5000,0,0,,64,6.53,60,3,android,13,5,1,1600,720,4.0
POCO C31,6499,6.5,0,helio,8,2.3,5000,0,0,,32,6.53,60,3,android,13,5,1,1600,720,3.0
Poco X6 Pro 5G,19999,7.2,1,snapdragon,8,0.0,5000,1,0,,128,6.67,120,4,android,64,32,1,2400,1080,6.0
